INSERT INTO MEMBERS (id_member, name, surname, email, password) VALUES (6, 'Diana', 'Benchea', 'diana.benchea@asii.ro', '$2a$10$k1Vdx9nLyyCi9ZVm4ghqA.sXxljIuqHtVVK5BjFcmNVn0/w2JeQ.i');
INSERT INTO MEMBERS (id_member, name, surname, email, password) VALUES (7, 'Raluca', 'Vieru', 'raluca.vieru@asii.ro', '$2a$10$I9Bynsyy.ZY1a54glxo6GOQUmnKA9N/D.sc0DKdicNtWS1caIc1Vm');
INSERT INTO MEMBERS (id_member, name, surname, email, password) VALUES (43, 'Bianca', 'Milea', 'bianca.milea@asii.ro', '$2a$10$KpV2KQlO/qF3UCzsB6VpmOpUyUeuHvNu2YB9IFpHy3LMcKiDUVfcK');
INSERT INTO MEMBERS (id_member, name, surname, email, password) VALUES (2, 'Delia', 'Leonte', 'delialeonte@asii.ro', '$2a$10$s/y.EwcluuFlAHnWdLHDEOwxAooNOQn5HoxJTTaVxfKNdA46CDz7K');
INSERT INTO MEMBERS (id_member, name, surname, email, password) VALUES (4, 'Fabian', 'Lungu', 'fabianlungu@asii.ro', '$2a$10$9o.9oRodkVOINNrDMaVMUOJrbjr5fZURzPHILKA31A8c/VOMw1IiK');
INSERT INTO MEMBERS (id_member, name, surname, email, password) VALUES (21, 'Adina-Andreea', 'Nedelcu', 'nedelcu.adina.andreea@asii.ro', '$2a$10$.waRtPBEAvyXMeeOVeOAieANlGui8ScmvzxXU345wPSNMprDCyp76');
INSERT INTO MEMBERS (id_member, name, surname, email, password) VALUES (22, 'Alexandru', 'Arama', 'arama.alexandru@asii.ro', '$2a$10$S22MUb8MpI5A86uKryDnBOX3vc.tFRe9k1HYp1HN.e9G7dFAaB2xy');
INSERT INTO MEMBERS (id_member, name, surname, email, password) VALUES (23, 'Ana-Maria', 'Constantin', 'constantin.ana.maria@asii.ro', '$2a$10$bhr61YyMZsq59/hFrS6sA.24whIi6R9tM0Z/Y6VLGxnQrxByCGEpW');
INSERT INTO MEMBERS (id_member, name, surname, email, password) VALUES (24, 'Ana-Maria', 'Ursache', 'ursache.ana.maria@asii.ro', '$2a$10$MCEfutgfn0P8G6baAzJCVevouMtRi2E/TxYD9MxG9Ip2dUwHIPjgi');
INSERT INTO MEMBERS (id_member, name, surname, email, password) VALUES (25, 'Anca', 'Iacob', 'iacob.anca@asii.ro', '$2a$10$m5KtV/fFOBZpTnPEV2KLS.EMXHaAYI2v2wKLigshkBwiRS61X6NjK');
INSERT INTO MEMBERS (id_member, name, surname, email, password) VALUES (26, 'Andra-Maria', 'Coteanu', 'coteanu.andra.maria@asii.ro', '$2a$10$O2gGnt3g6iwT9TiYuTN7cerwvEenkJoYPPfa7p5HlPjb25DkG2cVa');
INSERT INTO MEMBERS (id_member, name, surname, email, password) VALUES (27, 'Andreea-Elena', 'Munteanu', 'munteanu.andreea.elena@asii.ro', '$2a$10$p5ZZog4OKx1Uy3fpxBc94uj1xmUQ0wSV.///YM95I1QuDrv5L99n2');
INSERT INTO MEMBERS (id_member, name, surname, email, password) VALUES (28, 'Alexandra-Mihaela', 'Panaite', 'panaite.alexandra.mihaela@asii.ro', '$2a$10$haDzJhk.NpvxAUWSEdMjP.cbZWSURgzp3CisVaPI/M4YYW047p2Ny');
INSERT INTO MEMBERS (id_member, name, surname, email, password) VALUES (29, 'Daniel Dumitru', 'Cristea', 'cristea.daniel.dumitru@asii.ro', '$2a$10$w4jk43DTrsLKaDeqr5pJh.F6nM.YfSycgYNCJTukM0/DEZCTSEDDC');
INSERT INTO MEMBERS (id_member, name, surname, email, password) VALUES (30, 'Denisa-Ioana', 'Golache', 'golache.denisa.ioana@asii.ro', '$2a$10$0aKvecgc0Pecl5tXy5eZ.eeWdx4CJHRpTlHfiFrw4shWHnOkVV7s2');
INSERT INTO MEMBERS (id_member, name, surname, email, password) VALUES (31, 'Dragos', 'Bejan', 'bejan.dragos@asii.ro', '$2a$10$uz2RQHCvdSyXFr0ru4PFdO0ae9TxrYQpLtAwxIUzHeUmFeGJmseA6');
INSERT INTO MEMBERS (id_member, name, surname, email, password) VALUES (32, 'Eden', 'Petrescu', 'petrescu.eden@asii.ro', '$2a$10$GLIoUw/51RX01WJuq6db5uzU/bB9aRyxD.LbYZ4epuMb0NLs1NEsq');
INSERT INTO MEMBERS (id_member, name, surname, email, password) VALUES (33, 'Georgiana', 'Boghiu', 'boghiu.georgiana@asii.ro', '$2a$10$WbMg3KC3OAt0X2.ISAIEt.QPVHage88BsTRz0MdLQBdVEZc0duTqi');
INSERT INTO MEMBERS (id_member, name, surname, email, password) VALUES (34, 'Ioana-Alexia', 'Popa', 'popa.ioana.alexia@asii.ro', '$2a$10$1PNsWvJZYiu46padb57lIe4iTsEbiJD90wKD.b.0xvc0P/FdmoMi.');
INSERT INTO MEMBERS (id_member, name, surname, email, password) VALUES (35, 'Ana-Maria', 'Ghiorghiu', 'ghiorghiu.ana.maria@asii.ro', '$2a$10$LSYGPQ8qMsLyvLzsxrLzbusPlcZQvlutGE9prHxd1f7jMwthyiiZi');
INSERT INTO MEMBERS (id_member, name, surname, email, password) VALUES (36, 'Miruna-Diana', 'Curduman', 'curduman.miruna.diana@asii.ro', '$2a$10$3ZNsVxvzlaQGsxn.j59IhOs3upPpMKfbJzTRqfatsljDh7dOAovoq');
INSERT INTO MEMBERS (id_member, name, surname, email, password) VALUES (37, 'Robert', 'Codreanu', 'codreanu.robert@asii.ro', '$2a$10$7Br/4cDPkmBFVr2bLVF31uvDihYro3lVPqdO9YWUIgV.oJIpacvc.');
INSERT INTO MEMBERS (id_member, name, surname, email, password) VALUES (38, 'Monica-Roxana', 'Cernat', 'cernat.monica.roxana@asii.ro', '$2a$10$N9iER1W27lq8voDgxSwiLOAYl.JSTjF0HYz6gffRBgSwZLmLxstYG');
INSERT INTO MEMBERS (id_member, name, surname, email, password) VALUES (39, 'Stefan-Rares', 'Bodescu', 'bodescu.stefan.rares@asii.ro', '$2a$10$6Xku5uyh2ah9yPcIF/r28eFvsFWMdo1UhVQOJ.v8718g5A1x/adzG');
INSERT INTO MEMBERS (id_member, name, surname, email, password) VALUES (40, 'Maria', 'Brînzilă', 'brinzila.maria@asii.ro', '$2a$10$s78gQNPVEpZeEuOvEri54eD1nfDMFGQO4UOLHFMukWES80r9Mk4fO');
INSERT INTO MEMBERS (id_member, name, surname, email, password) VALUES (41, 'Victoria', 'Godovaniuc', 'godovaniuc.victoria@asii.ro', '$2a$10$yLU/IePakBipi/s3GTBrRutvLf2DBN5PJYtGGWZsMKcm/nGrqlCUi');
INSERT INTO MEMBERS (id_member, name, surname, email, password) VALUES (42, 'Robert', 'Bucur', 'bucur.robert@asii.ro', '$2a$10$aYwSQ6W.e7Asd6CmOSQ7rOxVDigzIxem5j5S2n3vC8ny3sGt6lWjm');
INSERT INTO MEMBERS (id_member, name, surname, email, password) VALUES (9, 'Armand', 'Miron', 'armand.miron@asii.ro', '$2a$10$wH50uIC/CGthrcODlurPq.eVkDI0MkUdoSV.WqclV3Fqc.9JN5x/2');
INSERT INTO MEMBERS (id_member, name, surname, email, password) VALUES (5, 'Andreea', 'Platon', 'andreea.platon@asii.ro', '$2a$10$yUZZJdxD.DXOrb4OLCLXbO9lSfq2Mjjlu.qhVmqWQ68umSOpVvrL6');
INSERT INTO MEMBERS (id_member, name, surname, email, password) VALUES (8, 'Anca', 'Iacob', 'anca.iacob@asii.ro', '$2a$10$W9VKjsIkRTzA4qgaV8bKJefMI6BYAOJHI8hyDwsGDr8uSsQ/6LdqC');
INSERT INTO MEMBERS (id_member, name, surname, email, password) VALUES (10, 'Alexandru', 'Nechifor', 'alexandru.nechifor@asii.ro', '$2a$10$Pkj1ARAMpKCOayqGbzrnVu4i..AjXnOdvX1KNZOI7KKD3ksATLX2K');
INSERT INTO MEMBERS (id_member, name, surname, email, password) VALUES (11, 'Diana', 'Martisca', 'diana.martisca@asii.ro', '$2a$10$V0D/T6QT1rnS71KG/Sl8WOvvfXbToYmYdDEkHTE.uXKJ..MXmHUES');
INSERT INTO MEMBERS (id_member, name, surname, email, password) VALUES (12, 'Delia', 'Blendea', 'delia.blendea@asii.ro', '$2a$10$aYSo6RFloaCgLf9jB9iyseO1AYcgsVGXaIdR6wHINv59WY9/nRlzW');
INSERT INTO MEMBERS (id_member, name, surname, email, password) VALUES (13, 'Timotei', 'Gruia', 'timotei.gruia@asii.ro', '$2a$10$Z.FpZOq5kUSgF2FB5rEa1ejkFxywEpUegeyUeN.100.V8.2lVEJMS');
INSERT INTO MEMBERS (id_member, name, surname, email, password) VALUES (14, 'Matei', 'Ciobanu', 'matei.ciobanu@asii.ro', '$2a$10$Y/yRXk/AquHbdre2LXVYR.IcaH05apz13bLx4/U/bSCLASWVV9ntO');
INSERT INTO MEMBERS (id_member, name, surname, email, password) VALUES (15, 'Tudor', 'Grigorovici', 'tudor.grigorovici@asii.ro', '$2a$10$fmoWMTLO/KwUs3UcD358xeQCERyqde5HH1bcRqVQqmxcX7m824Rki');
INSERT INTO MEMBERS (id_member, name, surname, email, password) VALUES (16, 'Bianca', 'Plamada', 'bianca.plamada@asii.ro', '$2a$10$4KwRG1rMnnNSr9vLCYTmnetSL8O.nuyGdpjj7oVK1zH0CACimOgGa');
INSERT INTO MEMBERS (id_member, name, surname, email, password) VALUES (17, 'Ana', 'Maria', 'ana.maria@asii.ro', '$2a$10$Px7RJRZRDvj9ClWOZC3GdOh.XT363aKsiQ5r8rgvg7R0AI5JiqKPG');
INSERT INTO MEMBERS (id_member, name, surname, email, password) VALUES (18, 'Ianis', 'Dascaliu', 'Ianis.dascaliu@asii.ro', '$2a$10$J4uY1l8KODiQMwPNMAK33ep2XVvMbl/OnlKXqduHxgNBZsZimof1q');
INSERT INTO MEMBERS (id_member, name, surname, email, password) VALUES (19, 'Ema', 'Nitu', 'ema.nitu@asii.ro', '$2a$10$7ubvWTIePt69u6JAOwczFe3r2.r7ealgswn.ZCPlhJv2LHGLDVA.m');
INSERT INTO MEMBERS (id_member, name, surname, email, password) VALUES (20, 'Alina', 'Trifan', 'alina.trifan@asii.ro', '$2a$10$Qnxx4GZSPDMhETg2vNRMKu3lix6w1wgnyyx9/80MMDIu/bJlrnr7m');
INSERT INTO MEMBERS (id_member, name, surname, email, password) VALUES (45, 'Arama', 'Alex', 'Arama.Alex@asii.ro', '$2a$10$lstzNDOCfs83kRPwviv31ORKfuucOKdclXPmvGZscdUEiIdL4xNaK');


INSERT INTO MEMBER_DETAILS (member_id, phone, address, status, voting_right, cnp, numar, serie, total_activity_hours) VALUES (6, NULL, NULL, 'COORDONATOR', 'DA', NULL, NULL, NULL, 102);
INSERT INTO MEMBER_DETAILS (member_id, phone, address, status, voting_right, cnp, numar, serie, total_activity_hours) VALUES (7, NULL, NULL, 'ALUMNI', 'NU', NULL, NULL, NULL, 0);
INSERT INTO MEMBER_DETAILS (member_id, phone, address, status, voting_right, cnp, numar, serie, total_activity_hours) VALUES (43, NULL, NULL, 'MEMBRU', 'NU', NULL, NULL, NULL, 0);
INSERT INTO MEMBER_DETAILS (member_id, phone, address, status, voting_right, cnp, numar, serie, total_activity_hours) VALUES (2, NULL, NULL, 'MEMBRU', 'NU', NULL, NULL, NULL, 11);
INSERT INTO MEMBER_DETAILS (member_id, phone, address, status, voting_right, cnp, numar, serie, total_activity_hours) VALUES (4, NULL, NULL, 'MEMBRU', 'NU', NULL, NULL, NULL, 17);
INSERT INTO MEMBER_DETAILS (member_id, phone, address, status, voting_right, cnp, numar, serie, total_activity_hours) VALUES (21, NULL, NULL, 'MEMBRU', 'NU', NULL, NULL, NULL, 0);
INSERT INTO MEMBER_DETAILS (member_id, phone, address, status, voting_right, cnp, numar, serie, total_activity_hours) VALUES (22, NULL, NULL, 'MEMBRU', 'NU', NULL, NULL, NULL, 0);
INSERT INTO MEMBER_DETAILS (member_id, phone, address, status, voting_right, cnp, numar, serie, total_activity_hours) VALUES (23, NULL, NULL, 'MEMBRU', 'NU', NULL, NULL, NULL, 0);
INSERT INTO MEMBER_DETAILS (member_id, phone, address, status, voting_right, cnp, numar, serie, total_activity_hours) VALUES (24, NULL, NULL, 'MEMBRU', 'NU', NULL, NULL, NULL, 0);
INSERT INTO MEMBER_DETAILS (member_id, phone, address, status, voting_right, cnp, numar, serie, total_activity_hours) VALUES (25, NULL, NULL, 'MEMBRU', 'NU', NULL, NULL, NULL, 0);
INSERT INTO MEMBER_DETAILS (member_id, phone, address, status, voting_right, cnp, numar, serie, total_activity_hours) VALUES (26, NULL, NULL, 'MEMBRU', 'NU', NULL, NULL, NULL, 0);
INSERT INTO MEMBER_DETAILS (member_id, phone, address, status, voting_right, cnp, numar, serie, total_activity_hours) VALUES (27, NULL, NULL, 'MEMBRU', 'NU', NULL, NULL, NULL, 0);
INSERT INTO MEMBER_DETAILS (member_id, phone, address, status, voting_right, cnp, numar, serie, total_activity_hours) VALUES (28, NULL, NULL, 'MEMBRU', 'NU', NULL, NULL, NULL, 0);
INSERT INTO MEMBER_DETAILS (member_id, phone, address, status, voting_right, cnp, numar, serie, total_activity_hours) VALUES (29, NULL, NULL, 'MEMBRU', 'NU', NULL, NULL, NULL, 0);
INSERT INTO MEMBER_DETAILS (member_id, phone, address, status, voting_right, cnp, numar, serie, total_activity_hours) VALUES (30, NULL, NULL, 'MEMBRU', 'NU', NULL, NULL, NULL, 0);
INSERT INTO MEMBER_DETAILS (member_id, phone, address, status, voting_right, cnp, numar, serie, total_activity_hours) VALUES (31, NULL, NULL, 'MEMBRU', 'NU', NULL, NULL, NULL, 0);
INSERT INTO MEMBER_DETAILS (member_id, phone, address, status, voting_right, cnp, numar, serie, total_activity_hours) VALUES (32, NULL, NULL, 'MEMBRU', 'NU', NULL, NULL, NULL, 0);
INSERT INTO MEMBER_DETAILS (member_id, phone, address, status, voting_right, cnp, numar, serie, total_activity_hours) VALUES (33, NULL, NULL, 'MEMBRU', 'NU', NULL, NULL, NULL, 0);
INSERT INTO MEMBER_DETAILS (member_id, phone, address, status, voting_right, cnp, numar, serie, total_activity_hours) VALUES (34, NULL, NULL, 'MEMBRU', 'NU', NULL, NULL, NULL, 0);
INSERT INTO MEMBER_DETAILS (member_id, phone, address, status, voting_right, cnp, numar, serie, total_activity_hours) VALUES (35, NULL, NULL, 'MEMBRU', 'NU', NULL, NULL, NULL, 0);
INSERT INTO MEMBER_DETAILS (member_id, phone, address, status, voting_right, cnp, numar, serie, total_activity_hours) VALUES (36, NULL, NULL, 'MEMBRU', 'NU', NULL, NULL, NULL, 0);
INSERT INTO MEMBER_DETAILS (member_id, phone, address, status, voting_right, cnp, numar, serie, total_activity_hours) VALUES (37, NULL, NULL, 'MEMBRU', 'NU', NULL, NULL, NULL, 0);
INSERT INTO MEMBER_DETAILS (member_id, phone, address, status, voting_right, cnp, numar, serie, total_activity_hours) VALUES (38, NULL, NULL, 'MEMBRU', 'NU', NULL, NULL, NULL, 0);
INSERT INTO MEMBER_DETAILS (member_id, phone, address, status, voting_right, cnp, numar, serie, total_activity_hours) VALUES (39, NULL, NULL, 'MEMBRU', 'NU', NULL, NULL, NULL, 0);
INSERT INTO MEMBER_DETAILS (member_id, phone, address, status, voting_right, cnp, numar, serie, total_activity_hours) VALUES (40, NULL, NULL, 'MEMBRU', 'NU', NULL, NULL, NULL, 0);
INSERT INTO MEMBER_DETAILS (member_id, phone, address, status, voting_right, cnp, numar, serie, total_activity_hours) VALUES (41, NULL, NULL, 'MEMBRU', 'NU', NULL, NULL, NULL, 0);
INSERT INTO MEMBER_DETAILS (member_id, phone, address, status, voting_right, cnp, numar, serie, total_activity_hours) VALUES (42, NULL, NULL, 'MEMBRU', 'NU', NULL, NULL, NULL, 0);
INSERT INTO MEMBER_DETAILS (member_id, phone, address, status, voting_right, cnp, numar, serie, total_activity_hours) VALUES (9, NULL, NULL, 'COORDONATOR', 'NU', NULL, NULL, NULL, 0);
INSERT INTO MEMBER_DETAILS (member_id, phone, address, status, voting_right, cnp, numar, serie, total_activity_hours) VALUES (5, NULL, NULL, 'MEMBRU', 'NU', NULL, NULL, NULL, 0);
INSERT INTO MEMBER_DETAILS (member_id, phone, address, status, voting_right, cnp, numar, serie, total_activity_hours) VALUES (8, NULL, NULL, 'MEMBRU', 'NU', NULL, NULL, NULL, 0);
INSERT INTO MEMBER_DETAILS (member_id, phone, address, status, voting_right, cnp, numar, serie, total_activity_hours) VALUES (10, NULL, NULL, 'COORDONATOR', 'NU', NULL, NULL, NULL, 0);
INSERT INTO MEMBER_DETAILS (member_id, phone, address, status, voting_right, cnp, numar, serie, total_activity_hours) VALUES (11, NULL, NULL, 'COORDONATOR', 'NU', NULL, NULL, NULL, 0);
INSERT INTO MEMBER_DETAILS (member_id, phone, address, status, voting_right, cnp, numar, serie, total_activity_hours) VALUES (12, NULL, NULL, 'COORDONATOR', 'NU', NULL, NULL, NULL, 0);
INSERT INTO MEMBER_DETAILS (member_id, phone, address, status, voting_right, cnp, numar, serie, total_activity_hours) VALUES (13, NULL, NULL, 'MEMBRU', 'NU', NULL, NULL, NULL, 0);
INSERT INTO MEMBER_DETAILS (member_id, phone, address, status, voting_right, cnp, numar, serie, total_activity_hours) VALUES (14, NULL, NULL, 'MEMBRU', 'NU', NULL, NULL, NULL, 0);
INSERT INTO MEMBER_DETAILS (member_id, phone, address, status, voting_right, cnp, numar, serie, total_activity_hours) VALUES (15, NULL, NULL, 'MEMBRU', 'NU', NULL, NULL, NULL, 0);
INSERT INTO MEMBER_DETAILS (member_id, phone, address, status, voting_right, cnp, numar, serie, total_activity_hours) VALUES (16, NULL, NULL, 'COORDONATOR', 'NU', NULL, NULL, NULL, 0);
INSERT INTO MEMBER_DETAILS (member_id, phone, address, status, voting_right, cnp, numar, serie, total_activity_hours) VALUES (17, NULL, NULL, 'MEMBRU', 'NU', NULL, NULL, NULL, 0);
INSERT INTO MEMBER_DETAILS (member_id, phone, address, status, voting_right, cnp, numar, serie, total_activity_hours) VALUES (18, NULL, NULL, 'MEMBRU', 'NU', NULL, NULL, NULL, 0);
INSERT INTO MEMBER_DETAILS (member_id, phone, address, status, voting_right, cnp, numar, serie, total_activity_hours) VALUES (19, NULL, NULL, 'MEMBRU', 'NU', NULL, NULL, NULL, 0);
INSERT INTO MEMBER_DETAILS (member_id, phone, address, status, voting_right, cnp, numar, serie, total_activity_hours) VALUES (20, NULL, NULL, 'MEMBRU', 'NU', NULL, NULL, NULL, 0);
INSERT INTO MEMBER_DETAILS (member_id, phone, address, status, voting_right, cnp, numar, serie, total_activity_hours) VALUES (45, NULL, NULL, 'MEMBRU', 'NU', NULL, NULL, NULL, 0);


INSERT INTO DEPARTMENTS (id_department, name, id_coordinator, url) VALUES (1, 'IT', 10, '/photos/it.png');
INSERT INTO DEPARTMENTS (id_department, name, id_coordinator, url) VALUES (2, 'PR&Media', 12, '/photos/prm.png');
INSERT INTO DEPARTMENTS (id_department, name, id_coordinator, url) VALUES (3, 'Proiecte', 11, '/photos/pro.png');
INSERT INTO DEPARTMENTS (id_department, name, id_coordinator, url) VALUES (4, 'Relatii Externe', 9, '/photos/re.png');
INSERT INTO DEPARTMENTS (id_department, name, id_coordinator, url) VALUES (5, 'Relatii Interne', 16, '/photos/ri.png');
INSERT INTO DEPARTMENTS (id_department, name, id_coordinator, url) VALUES (6, 'Evaluari', 6, '/photos/ev.png');


INSERT INTO DEPARTMENT_MEMBERS (member_id_member, department_id_department) VALUES (4, 3);
INSERT INTO DEPARTMENT_MEMBERS (member_id_member, department_id_department) VALUES (8, 3);
INSERT INTO DEPARTMENT_MEMBERS (member_id_member, department_id_department) VALUES (10, 3);
INSERT INTO DEPARTMENT_MEMBERS (member_id_member, department_id_department) VALUES (11, 3);
INSERT INTO DEPARTMENT_MEMBERS (member_id_member, department_id_department) VALUES (12, 3);
INSERT INTO DEPARTMENT_MEMBERS (member_id_member, department_id_department) VALUES (14, 3);
INSERT INTO DEPARTMENT_MEMBERS (member_id_member, department_id_department) VALUES (7, 6);
INSERT INTO DEPARTMENT_MEMBERS (member_id_member, department_id_department) VALUES (6, 6);
INSERT INTO DEPARTMENT_MEMBERS (member_id_member, department_id_department) VALUES (17, 6);
INSERT INTO DEPARTMENT_MEMBERS (member_id_member, department_id_department) VALUES (20, 6);
INSERT INTO DEPARTMENT_MEMBERS (member_id_member, department_id_department) VALUES (11, 1);
INSERT INTO DEPARTMENT_MEMBERS (member_id_member, department_id_department) VALUES (12, 1);
INSERT INTO DEPARTMENT_MEMBERS (member_id_member, department_id_department) VALUES (13, 1);
INSERT INTO DEPARTMENT_MEMBERS (member_id_member, department_id_department) VALUES (14, 1);
INSERT INTO DEPARTMENT_MEMBERS (member_id_member, department_id_department) VALUES (17, 1);
INSERT INTO DEPARTMENT_MEMBERS (member_id_member, department_id_department) VALUES (18, 1);
INSERT INTO DEPARTMENT_MEMBERS (member_id_member, department_id_department) VALUES (2, 2);
INSERT INTO DEPARTMENT_MEMBERS (member_id_member, department_id_department) VALUES (10, 1);
INSERT INTO DEPARTMENT_MEMBERS (member_id_member, department_id_department) VALUES (4, 6);
INSERT INTO DEPARTMENT_MEMBERS (member_id_member, department_id_department) VALUES (15, 6);
INSERT INTO DEPARTMENT_MEMBERS (member_id_member, department_id_department) VALUES (13, 6);
INSERT INTO DEPARTMENT_MEMBERS (member_id_member, department_id_department) VALUES (18, 6);


INSERT INTO TASKS (id_task, title, description, date_task, number_activity_hours, status, id_member, id_department) VALUES (7, 'vandut bilete', 'am vandut bilete la bb', TO_DATE('2025-05-27', 'YYYY-MM-DD'), 15, 'Finalizat', 2, 2);
INSERT INTO TASKS (id_task, title, description, date_task, number_activity_hours, status, id_member, id_department) VALUES (18, 'recrutari', 'recrutari ri', TO_DATE('2025-06-06', 'YYYY-MM-DD'), 5, 'In curs', 6, 6);
INSERT INTO TASKS (id_task, title, description, date_task, number_activity_hours, status, id_member, id_department) VALUES (14, 'task', 'dsdsd', TO_DATE('2025-06-06', 'YYYY-MM-DD'), 21, 'In asteptare', 2, 2);
INSERT INTO TASKS (id_task, title, description, date_task, number_activity_hours, status, id_member, id_department) VALUES (4, 't', 't', TO_DATE('2025-05-22', 'YYYY-MM-DD'), 11, 'Finalizat', 2, 2);
INSERT INTO TASKS (id_task, title, description, date_task, number_activity_hours, status, id_member, id_department) VALUES (15, 'vanzare bilete', 'am vandut bilete', TO_DATE('2025-07-06', 'YYYY-MM-DD'), 30, 'Finalizat', 6, 6);
INSERT INTO TASKS (id_task, title, description, date_task, number_activity_hours, status, id_member, id_department) VALUES (16, 'editat feedback', 'feedback', TO_DATE('2025-06-06', 'YYYY-MM-DD'), 12, 'In curs', 6, 6);
INSERT INTO TASKS (id_task, title, description, date_task, number_activity_hours, status, id_member, id_department) VALUES (8, 'mers prin licee', 'am mers la Moisil', TO_DATE('2025-05-22', 'YYYY-MM-DD'), 2, 'Finalizat', 2, 2);
INSERT INTO TASKS (id_task, title, description, date_task, number_activity_hours, status, id_member, id_department) VALUES (9, 'test', 'test', TO_DATE('2025-05-01', 'YYYY-MM-DD'), 12, 'Finalizat', 2, 2);
INSERT INTO TASKS (id_task, title, description, date_task, number_activity_hours, status, id_member, id_department) VALUES (10, 'test', 'test', TO_DATE('2025-05-01', 'YYYY-MM-DD'), 12, 'Finalizat', 2, 2);
INSERT INTO TASKS (id_task, title, description, date_task, number_activity_hours, status, id_member, id_department) VALUES (11, 'aaa', 'aaa', TO_DATE('2025-06-02', 'YYYY-MM-DD'), 12, 'Finalizat', 2, 2);
INSERT INTO TASKS (id_task, title, description, date_task, number_activity_hours, status, id_member, id_department) VALUES (12, 'ev', 'ev', TO_DATE('2025-06-02', 'YYYY-MM-DD'), 13, 'Finalizat', 2, 2);
INSERT INTO TASKS (id_task, title, description, date_task, number_activity_hours, status, id_member, id_department) VALUES (17, 'evaluari', 'evaluari partiale', TO_DATE('2025-06-06', 'YYYY-MM-DD'), 13, 'Finalizat', 6, 6);


